names,prices
Universal Handsfree High Bass Extra Pure Sound Music Wired Earphones with Mic and Volume Control for Mobile V Like VK-820,369
Meditating Smoke Ganesha Fountain Backflow Incense Burner Decorative Showpiece 9 cm Ganesh Idol Murti,322
"Electric Portable Hand Blender Mixer For Coffee, Shakes, Egg Beater & Milk Shakes",140
"Ultima SW1 10W Bluetooth 5.0 Portable Stereo Speaker with Tws, Aux in, Water Resistant, 1500mAh Battery",1899
Stripping Door Seal Strip Weather strip Front Window Frame Foam Adhesive Rubber Soundproof Insulation Waterproof Dust-Proof Anti-Collision,807
Rechargeable Reading Eye Lamp Study Lamp,379
"Men Wallet / Bill book ,license, Cards holder (All In One) Purse",430
White Non Breathable Sneakers Shoes for Men By Sneakers Point,1949
Della 24  Full Hd Led Tv,14500
Fashion Canvas Backpack For Men & Women Rucksack Unisex For Travel Hiking School College BacK pacK,1599
Kamasutra Variety Pack Condoms (Pack of 10),144
Kito Slipper AH 50,1530
Waves Of Pleasure Dildo Sex Toy Penis Vibrating Dildo,1650
Kohinoor KN-3325G12 Super Bright Long Lasting Rechargeable LED/LED Tube Emergency Light & Torch,1095
Folding Black Sunglasses For Men,199
Multi-Way Open Back Sexy Crop Top,593
Nokia G21 (6GB/128GB)  50MP Camera  5050mAh Battery,22499
Waterproof Bike Switches,123
Magnetic Couple/ Best Friends Bracelets,211
Rasal Net Semi Stitched Anarkali Gown Sr 511  Party Wear Red,2499
The Himalayan Reserve Whisky - 750ML -By Cheers Online,3400
Elfeland ST-515 T6 Zoomable USB Charger LED Flashlight With 18650 - Black,759
Desktop Computer Pro Intel Core i3/3rd Gen 3220 (3.30 Ghz)/4 GB DDR3/500 HDD Intel HD Graphics/Windows 8.1 Pro -Certified PC (New Year Offer),32000
KOJA Black BTS Member Titanium Steel Wristband For Women,370
Milani Amore Matte Lip Creme â€“ 15 Gorgeous 6ml,1406
Seven horse painting frame 3 panel,900
AtoZfootHouse Martin Soft Sandals For Men ( 90-E),1250
Tweeter 120 Watts 4Ohms 2Pcs,643
Whirlpool Neo Fresh 265 Litres Frost Free Double Door Refrigerator( neo 278LH PRM Wine Chromium ),50125
| Instyle Nepal | 729-5 Teddy Printed Checkered Adjustable Jogger For Men,1440
